{
    "timestamp": "2026-07-09T19:16:19.867008",
    "gates_evaluation": {
        "classifier_macro_f1": 0.9371547885267396,
        "calibration_log_loss": 0.18510515717148437,
        "calibration_brier_score": 0.023863371342905317,
        "ood_tpr": 1.0,
        "ood_fpr": 0.035,
        "nlp_grouped_macro_f1": 0.7743943191311612,
        "class_recall_rates": {
            "Memory Leak": 0.94,
            "No Problem": 0.99,
            "Overheating": 0.88,
            "Power Issue": 0.94
        },
        "selected_retrieval_threshold": 70.0
    }
}